<?xml version="1.0" encoding="UTF-8"?>
<config xmlns="http://www.knime.org/2008/09/XMLConfig" xmlns:xsi="http://www.w3.org/2001/XMLSchema-instance" xsi:schemaLocation="http://www.knime.org/2008/09/XMLConfig http://www.knime.org/XMLConfig_2008_09.xsd" key="model.xml">
<entry key="version" type="xint" value="1"/>
<entry key="class_name" type="xstring" value="org.knime.base.filehandling.remote.connectioninformation.port.ConnectionInformationPortObjectSpec"/>
<config key="model">
<entry key="protocol" type="xstring" value="ftp"/>
<entry key="host" type="xstring" value="ftp.ncdc.noaa.gov"/>
<entry key="port" type="xint" value="21"/>
<entry key="user" type="xstring" isnull="true" value=""/>
<entry key="password" type="xstring" isnull="true" value=""/>
<entry key="keyfile" type="xstring" isnull="true" value=""/>
<entry key="knownhosts" type="xstring" isnull="true" value=""/>
</config>
</config>
