<?xml version="1.0" encoding="UTF-8"?>
<config xmlns="http://www.knime.org/2008/09/XMLConfig" xmlns:xsi="http://www.w3.org/2001/XMLSchema-instance" xsi:schemaLocation="http://www.knime.org/2008/09/XMLConfig http://www.knime.org/XMLConfig_2008_09.xsd" key="spec.xml">
<entry key="spec_name" type="xstring" value="default"/>
<entry key="number_columns" type="xint" value="1"/>
<config key="column_spec_0">
<entry key="column_name" type="xstring" value="STATION NAME"/>
<config key="element_names">
<entry key="array-size" type="xint" value="0"/>
</config>
<config key="column_type">
<entry key="cell_class" type="xstring" value="org.knime.core.data.def.StringCell"/>
</config>
<config key="column_domain">
<config key="possible_values">
<entry key="array-size" type="xint" value="20"/>
<config key="0">
<entry key="datacell" type="xstring" value="org.knime.core.data.def.StringCell"/>
<config key="org.knime.core.data.def.StringCell">
<entry key="StringCell" type="xstring" value="HAWKINS FLD"/>
</config>
</config>
<config key="1">
<entry key="datacell" type="xstring" value="org.knime.core.data.def.StringCell"/>
<config key="org.knime.core.data.def.StringCell">
<entry key="StringCell" type="xstring" value="JACKSON/ALLEN C. TH"/>
</config>
</config>
<config key="2">
<entry key="datacell" type="xstring" value="org.knime.core.data.def.StringCell"/>
<config key="org.knime.core.data.def.StringCell">
<entry key="StringCell" type="xstring" value="NEWTON 5 ENE"/>
</config>
</config>
<config key="3">
<entry key="datacell" type="xstring" value="org.knime.core.data.def.StringCell"/>
<config key="org.knime.core.data.def.StringCell">
<entry key="StringCell" type="xstring" value="TRENT LOTT INTL"/>
</config>
</config>
<config key="4">
<entry key="datacell" type="xstring" value="org.knime.core.data.def.StringCell"/>
<config key="org.knime.core.data.def.StringCell">
<entry key="StringCell" type="xstring" value="BAY WAVELAND YACHT C"/>
</config>
</config>
<config key="5">
<entry key="datacell" type="xstring" value="org.knime.core.data.def.StringCell"/>
<config key="org.knime.core.data.def.StringCell">
<entry key="StringCell" type="xstring" value="MC COMB PIKE CO JOH"/>
</config>
</config>
<config key="6">
<entry key="datacell" type="xstring" value="org.knime.core.data.def.StringCell"/>
<config key="org.knime.core.data.def.StringCell">
<entry key="StringCell" type="xstring" value="COLUMBUS AFB"/>
</config>
</config>
<config key="7">
<entry key="datacell" type="xstring" value="org.knime.core.data.def.StringCell"/>
<config key="org.knime.core.data.def.StringCell">
<entry key="StringCell" type="xstring" value="MERIDIAN/KEY FIELD"/>
</config>
</config>
<config key="8">
<entry key="datacell" type="xstring" value="org.knime.core.data.def.StringCell"/>
<config key="org.knime.core.data.def.StringCell">
<entry key="StringCell" type="xstring" value="KEESLER AFB"/>
</config>
</config>
<config key="9">
<entry key="datacell" type="xstring" value="org.knime.core.data.def.StringCell"/>
<config key="org.knime.core.data.def.StringCell">
<entry key="StringCell" type="xstring" value="HOLLY SPRINGS 4 N"/>
</config>
</config>
<config key="10">
<entry key="datacell" type="xstring" value="org.knime.core.data.def.StringCell"/>
<config key="org.knime.core.data.def.StringCell">
<entry key="StringCell" type="xstring" value="NATCHEZ/HARDY(AWOS)"/>
</config>
</config>
<config key="11">
<entry key="datacell" type="xstring" value="org.knime.core.data.def.StringCell"/>
<config key="org.knime.core.data.def.StringCell">
<entry key="StringCell" type="xstring" value="WEST PIER GULFPORT"/>
</config>
</config>
<config key="12">
<entry key="datacell" type="xstring" value="org.knime.core.data.def.StringCell"/>
<config key="org.knime.core.data.def.StringCell">
<entry key="StringCell" type="xstring" value="PETITS BOIS ISLAND"/>
</config>
</config>
<config key="13">
<entry key="datacell" type="xstring" value="org.knime.core.data.def.StringCell"/>
<config key="org.knime.core.data.def.StringCell">
<entry key="StringCell" type="xstring" value="RANGE A REAR PASCAGO"/>
</config>
</config>
<config key="14">
<entry key="datacell" type="xstring" value="org.knime.core.data.def.StringCell"/>
<config key="org.knime.core.data.def.StringCell">
<entry key="StringCell" type="xstring" value="GOLDEN TRIANGLE RGNL"/>
</config>
</config>
<config key="15">
<entry key="datacell" type="xstring" value="org.knime.core.data.def.StringCell"/>
<config key="org.knime.core.data.def.StringCell">
<entry key="StringCell" type="xstring" value="DOCK C PASCAGOULA"/>
</config>
</config>
<config key="16">
<entry key="datacell" type="xstring" value="org.knime.core.data.def.StringCell"/>
<config key="org.knime.core.data.def.StringCell">
<entry key="StringCell" type="xstring" value="TUPELO/C.D. LEMONS"/>
</config>
</config>
<config key="17">
<entry key="datacell" type="xstring" value="org.knime.core.data.def.StringCell"/>
<config key="org.knime.core.data.def.StringCell">
<entry key="StringCell" type="xstring" value="MERIDIAN NAS"/>
</config>
</config>
<config key="18">
<entry key="datacell" type="xstring" value="org.knime.core.data.def.StringCell"/>
<config key="org.knime.core.data.def.StringCell">
<entry key="StringCell" type="xstring" value="GULFPORT OUTER RANGE"/>
</config>
</config>
<config key="19">
<entry key="datacell" type="xstring" value="org.knime.core.data.def.StringCell"/>
<config key="org.knime.core.data.def.StringCell">
<entry key="StringCell" type="xstring" value="HATTIESBURG LAUREL"/>
</config>
</config>
</config>
</config>
<config key="column_properties"/>
<config key="color_handler">
<entry key="color_model_class" type="xstring" value="org.knime.core.data.property.ColorModelNominal"/>
<config key="color_model">
<config key="keys">
<config key="TUPELO/C.D. LEMONS">
<entry key="datacell" type="xstring" value="org.knime.core.data.def.StringCell"/>
<config key="org.knime.core.data.def.StringCell">
<entry key="StringCell" type="xstring" value="TUPELO/C.D. LEMONS"/>
</config>
</config>
<config key="WEST PIER GULFPORT">
<entry key="datacell" type="xstring" value="org.knime.core.data.def.StringCell"/>
<config key="org.knime.core.data.def.StringCell">
<entry key="StringCell" type="xstring" value="WEST PIER GULFPORT"/>
</config>
</config>
<config key="GOLDEN TRIANGLE RGNL">
<entry key="datacell" type="xstring" value="org.knime.core.data.def.StringCell"/>
<config key="org.knime.core.data.def.StringCell">
<entry key="StringCell" type="xstring" value="GOLDEN TRIANGLE RGNL"/>
</config>
</config>
<config key="GULFPORT OUTER RANGE">
<entry key="datacell" type="xstring" value="org.knime.core.data.def.StringCell"/>
<config key="org.knime.core.data.def.StringCell">
<entry key="StringCell" type="xstring" value="GULFPORT OUTER RANGE"/>
</config>
</config>
<config key="JACKSON/ALLEN C. TH">
<entry key="datacell" type="xstring" value="org.knime.core.data.def.StringCell"/>
<config key="org.knime.core.data.def.StringCell">
<entry key="StringCell" type="xstring" value="JACKSON/ALLEN C. TH"/>
</config>
</config>
<config key="HOLLY SPRINGS 4 N">
<entry key="datacell" type="xstring" value="org.knime.core.data.def.StringCell"/>
<config key="org.knime.core.data.def.StringCell">
<entry key="StringCell" type="xstring" value="HOLLY SPRINGS 4 N"/>
</config>
</config>
<config key="DOCK C PASCAGOULA">
<entry key="datacell" type="xstring" value="org.knime.core.data.def.StringCell"/>
<config key="org.knime.core.data.def.StringCell">
<entry key="StringCell" type="xstring" value="DOCK C PASCAGOULA"/>
</config>
</config>
<config key="TRENT LOTT INTL">
<entry key="datacell" type="xstring" value="org.knime.core.data.def.StringCell"/>
<config key="org.knime.core.data.def.StringCell">
<entry key="StringCell" type="xstring" value="TRENT LOTT INTL"/>
</config>
</config>
<config key="COLUMBUS AFB">
<entry key="datacell" type="xstring" value="org.knime.core.data.def.StringCell"/>
<config key="org.knime.core.data.def.StringCell">
<entry key="StringCell" type="xstring" value="COLUMBUS AFB"/>
</config>
</config>
<config key="RANGE A REAR PASCAGO">
<entry key="datacell" type="xstring" value="org.knime.core.data.def.StringCell"/>
<config key="org.knime.core.data.def.StringCell">
<entry key="StringCell" type="xstring" value="RANGE A REAR PASCAGO"/>
</config>
</config>
<config key="MERIDIAN/KEY FIELD">
<entry key="datacell" type="xstring" value="org.knime.core.data.def.StringCell"/>
<config key="org.knime.core.data.def.StringCell">
<entry key="StringCell" type="xstring" value="MERIDIAN/KEY FIELD"/>
</config>
</config>
<config key="MC COMB PIKE CO JOH">
<entry key="datacell" type="xstring" value="org.knime.core.data.def.StringCell"/>
<config key="org.knime.core.data.def.StringCell">
<entry key="StringCell" type="xstring" value="MC COMB PIKE CO JOH"/>
</config>
</config>
<config key="PETITS BOIS ISLAND">
<entry key="datacell" type="xstring" value="org.knime.core.data.def.StringCell"/>
<config key="org.knime.core.data.def.StringCell">
<entry key="StringCell" type="xstring" value="PETITS BOIS ISLAND"/>
</config>
</config>
<config key="BAY WAVELAND YACHT C">
<entry key="datacell" type="xstring" value="org.knime.core.data.def.StringCell"/>
<config key="org.knime.core.data.def.StringCell">
<entry key="StringCell" type="xstring" value="BAY WAVELAND YACHT C"/>
</config>
</config>
<config key="HATTIESBURG LAUREL">
<entry key="datacell" type="xstring" value="org.knime.core.data.def.StringCell"/>
<config key="org.knime.core.data.def.StringCell">
<entry key="StringCell" type="xstring" value="HATTIESBURG LAUREL"/>
</config>
</config>
<config key="HAWKINS FLD">
<entry key="datacell" type="xstring" value="org.knime.core.data.def.StringCell"/>
<config key="org.knime.core.data.def.StringCell">
<entry key="StringCell" type="xstring" value="HAWKINS FLD"/>
</config>
</config>
<config key="NATCHEZ/HARDY(AWOS)">
<entry key="datacell" type="xstring" value="org.knime.core.data.def.StringCell"/>
<config key="org.knime.core.data.def.StringCell">
<entry key="StringCell" type="xstring" value="NATCHEZ/HARDY(AWOS)"/>
</config>
</config>
<config key="NEWTON 5 ENE">
<entry key="datacell" type="xstring" value="org.knime.core.data.def.StringCell"/>
<config key="org.knime.core.data.def.StringCell">
<entry key="StringCell" type="xstring" value="NEWTON 5 ENE"/>
</config>
</config>
<config key="MERIDIAN NAS">
<entry key="datacell" type="xstring" value="org.knime.core.data.def.StringCell"/>
<config key="org.knime.core.data.def.StringCell">
<entry key="StringCell" type="xstring" value="MERIDIAN NAS"/>
</config>
</config>
<config key="KEESLER AFB">
<entry key="datacell" type="xstring" value="org.knime.core.data.def.StringCell"/>
<config key="org.knime.core.data.def.StringCell">
<entry key="StringCell" type="xstring" value="KEESLER AFB"/>
</config>
</config>
</config>
<entry key="TUPELO/C.D. LEMONS" type="xint" value="-65536"/>
<entry key="WEST PIER GULFPORT" type="xint" value="-45824"/>
<entry key="GOLDEN TRIANGLE RGNL" type="xint" value="-26368"/>
<entry key="GULFPORT OUTER RANGE" type="xint" value="-6656"/>
<entry key="JACKSON/ALLEN C. TH" type="xint" value="-3342592"/>
<entry key="HOLLY SPRINGS 4 N" type="xint" value="-8323328"/>
<entry key="DOCK C PASCAGOULA" type="xint" value="-13369600"/>
<entry key="TRENT LOTT INTL" type="xint" value="-16711911"/>
<entry key="COLUMBUS AFB" type="xint" value="-16711834"/>
<entry key="RANGE A REAR PASCAGO" type="xint" value="-16711758"/>
<entry key="MERIDIAN/KEY FIELD" type="xint" value="-16711681"/>
<entry key="MC COMB PIKE CO JOH" type="xint" value="-16731393"/>
<entry key="PETITS BOIS ISLAND" type="xint" value="-16750849"/>
<entry key="BAY WAVELAND YACHT C" type="xint" value="-16770305"/>
<entry key="HATTIESBURG LAUREL" type="xint" value="-13434625"/>
<entry key="HAWKINS FLD" type="xint" value="-8388353"/>
<entry key="NATCHEZ/HARDY(AWOS)" type="xint" value="-3407617"/>
<entry key="NEWTON 5 ENE" type="xint" value="-65307"/>
<entry key="MERIDIAN NAS" type="xint" value="-65383"/>
<entry key="KEESLER AFB" type="xint" value="-65459"/>
</config>
</config>
</config>
</config>
